G,PG,PG-13,R
268488329,200807262,760505847,150350192
191450875,141614023,309404152,281492479
414984497,334185206,448130642,61937495
223806889,234903076,73058679,133228348
665426,172051787,336530303,111110575
206435493,123070338,458991599,107503316
131536019,237282182,330249062,129734803
289907418,137850096,200069408,183635922
104374107,291709845,423032628,138396624
100117603,292979556,89289910,119412921
89296573,198332128,291021565,32694788
130174897,73820094,623279547,126464904
380838870,100289690,241063875,93050117
245823397,356454367,179020854,40911830
120618403,241407328,262030663,113330342
143618384,238371987,105219735,106369117
66941559,93417865,258355354,58183966
82506325,222487711,70083519,47396698
133103929,189412677,658672302,187670866
73215310,217387997,407197282,204843350
60507228,63143812,65173160,97030725
422783777,76846624,652177271,130127620
244052771,320706665,373377893,146282411
139225854,104383624,408992272,65452312
135381507,206456431,402076689,101228120
141600000,179982968,245428137,162804648
58297830,177243721,202853933,85017401
58336565,400736600,116593191,66862068
66002004,114053579,125320003,116866727
95149435,119420252,350034110,54700065
162792677,126597121,202351611,77679638
22717758,165230261,233914986,108638745
30105968,131564731,228756232,86897182
3562749,21379315,65171860,95328937
191796233,34964818,90755643,67344392
108244774,111505642,101785482,132373442
79566871,216366733,352358779,110416702
26687172,143523463,317011114,102515793
217350219,103400692,130468626,100012500
100491683,176997107,140080850,73209340
80920948,83024900,166112167,42877165
24381334,123207194,47375327,37567440
16290976,83348920,124051759,172620724
13000000,215395021,154985087,126149655
75597042,177343675,533316061,111544445
5000000,149234747,318298180,112703470
48423368,77564037,113745408,51396781
47887943,137748063,102176165,40048332
45542421,113733726,161087183,33048353
18081626,148337537,100189501,102981571
16988996,260031035,88246220,254455986
8000000,131920333,150167630,127968405
7382993,124976634,312057433,112225777
1064277,64736114,155111815,104054514
2119994,43929341,208543795,101087161
11634458,310675583,38297305,95632614
26161406,474544677,259746958,94822707
12701880,187165546,102315545,76081498
10353690,250863268,333130696,85707116
25571351,42776259,187991439,65948711
73000942,142614158,292568851,69772969
48092846,50026353,303001229,27779888
27281507,71017784,144512310,17593391
90556401,24004159,127490802,35286428
36696761,100446895,146405371,134568845
17655201,173005002,281666058,134006721
50000000,75030163,60655503,41814863
163214286,34964818,46978995,66636385
1889522,107515297,89732035,43426961
19421271,55673333,198539855,83503161
198655278,38120554,318759914,34636443
76400000,17010646,227946274,55585389
163245,10200000,256386216,51814190
39552600,58867694,205343774,47456450
,50802661,179883016,75600000
,161317423,206360018,136448821
,201148159,133375846,120523073
,71148699,181015141,117541000
,261437578,83640426,100614858
,124870275,79711678,78120196
,196573705,124051759,98895417
,58229120,133382309,65012000
,84037039,73103784,40932372
,85884815,118099659,62321039
,75817994,201573391,19076815
,100853835,190418803,18990542
,68558662,82161969,14294842
,60874615,209364921,19819494
,58220776,110332737,7097125
,197992827,257704099,25121291
,148313048,403706375,71069884
,127706877,31141074,35324232
,84303558,31704416,81257500
,64933670,132122995,45045037
,153288182,122512052,28965197
,43575716,32131830,39380442
,155019340,176636816,37516013
,145771527,93926386,216119491
,128200012,292298923,33685268
,109993847,134518390,171383253
,92969824,227137090,119412921
,90443603,180191634,100468793
,82226474,424645577,100448498
,100169068,292298923,84049211
,80360866,234277056,70450000
,169692572,118311368,59617068
,50628009,101160529,53846915
,45356386,60522097,52397389
,36073232,33592415,36064910
,103812241,305388685,33328051
,119793567,337103873,32598931
,74158157,217536138,37023395
,26000610,209805005,17218080
,368049635,186830669,13750556
,193136719,163192114,31054924
,195329763,113165635,15738632
,118823091,107285004,54116191
,97360069,186739919,210592590
,73023275,215397307,136801374
,160762022,182618434,167735396
,73661010,115802596,102678089
,22751979,100685880,75573300
,336029560,57637485,75530832
,107225164,58607007,100003492
,112950721,30212620,73648142
,27796042,76418654,64505912
,436471036,89021735,77862546
,152149590,380262555,54910560
,162495848,132550960,50024083
,119654900,47952020,47748610
,219613391,190871240,46975183
,70117571,67155742,45996718
,13596911,81638674,32122249
,8460990,56114221,40076438
,37760080,155181732,32940507
,251501645,125531634,32522352
,176387405,186336103,18208078
,172071312,129995817,4426297
,115731542,102608827,10166502
,69688384,98780042,363024263
,85911262,66002193,350123553
,28045540,85463309,53715611
,43532294,48068396,60984028
,108012170,61656849,36931089
,143151473,134520804,104354205
,125603360,144795350,101530738
,101217900,228430993,91400000
,104148781,35799026,83000000
,93375151,101643008,70098138
,90646554,132014112,66207920
,82569532,180011740,63408614
,71844424,148383780,68750000
,66734992,119219978,55473600
,75280058,67631157,38553833
,61112916,184031112,34350553
,60573641,40198710,34238611
,55994557,72660029,34098563
,50807639,49392095,33472850
,36830057,39292022,35707327
,26288320,28772222,18573791
,11802056,24985612,11466088
,12065985,4411102,81645152
,80021740,202007640,9483821
,35231365,59475623,66676062
,217326336,43982842,5660084
,134218018,377019252,62563543
,105263257,340478898,33574332
,100328194,17176900,73343413
,68218041,131144183,25031037
,55747724,181166115,22843047
,49994804,176740650,95720716
,16088610,22406362,36385763
,51178893,11000000,37035845
,108200000,250147615,42438300
,35092918,81557479,90567722
,267652016,226138454,153620822
,127997349,155370362,218628680
,75621915,125305545,125548685
,75367693,209019489,191616238
,73701902,83077470,105264608
,67128202,100018837,88504640
,50150619,78747585,81517441
,39177541,78616689,67823573
,33643461,65653758,70496802
,23159305,64685359,54997476
,16671505,61355436,52752475
,103738726,47474112,50815288
,15519841,56114221,52822418
,130512915,61644321,50007168
,101702060,120147445,48154732
,71423726,241688385,48265581
,88625922,144512310,56724080
,52580895,233630478,42610000
,51019112,176049130,47105085
,48114556,183405771,41256277
,35617599,78009155,40905277
,28133159,63224849,38590500
,25200412,117144465,39778599
,8129455,150832203,38105077
,45290318,47592825,32800000
,7204138,50016394,31874869
,90800000,57010853,27067160
,118500000,62494975,26199517
,111760631,44606335,25450527
,138614544,31494270,25407250
,107458785,31111260,24006726
,87666629,123307945,20389967
,81593527,137340146,19593740
,57011847,80170146,26442251
,49851591,75754670,17114882
,52320979,34543701,21557240
,51853450,242589580,10400000
,38087756,180965237,9795017
,20999103,407999255,20488579
,14018364,162831698,6291602
,20113965,140459099,10706786
,511920,53215979,21413502
,35287788,158115031,124107476
,30400000,133668525,31569268
,85570368,130313314,66488090
,75668868,124590960,95308367
,71038190,103028109,60652036
,22770864,101111837,25900000
,7871693,91188905,53574088
,9589875,79363785,37339525
,48006503,74329966,69304264
,72279690,69102910,5600000
,42019483,821997,67263182
,112692062,56684819,58918501
,82300000,55350897,83287363
,63939454,39442871,60962878
,59699513,37899638,76261036
,52277485,37754208,71277420
,49474048,38542418,70001065
,76600000,34566746,66790248
,37617947,32885565,31598308
,22913677,21471685,53854588
,17596256,19673424,47307550
,11631245,19480739,22877808
,10137502,27356090,20400913
,6448817,17473245,19719930
,32000000,170708996,13560960
,309125409,67286731,11146409
,173381405,127083765,7916887
,104632573,15071514,15279680
,32701088,66462600,4584886
,4357000,306124059,2154540
,82528097,229074524,136019448
,87100000,157299717,53300852
,11854694,120776832,150415432
,115648585,117698894,44834712
,122012643,162001186,1500000
,105444419,77032279,62318875
,85416609,68473360,24430272
,58715510,103338338,158348400
,55210049,55808744,29113588
,51432423,47000485,138447667
,49186871,45434443,70100000
,53021560,42044321,159578352
,44328238,41523271,59992760
,53337608,37600435,24375436
,42643187,39251128,24127895
,41407470,30013346,6105175
,28165882,90820,116724075
,16295774,5409517,150117807
,9353573,21009180,116735231
,10134754,94999143,166147885
,179870271,36381716,108706165
,64371181,36976367,125069696
,39514713,70224196,102310175
,43097652,148213377,89138076
,66950483,183132370,90353764
,24268828,32616869,82522790
,8119205,114195633,81292135
,74888996,144156464,72455275
,21500000,227965690,74098862
,7486906,141204016,71347010
,38536376,72660029,66808615
,20819129,116643346,66466372
,110222438,42272747,60923325
,50800000,80281096,54967359
,36985501,83552429,57981889
,23222861,66257002,54414716
,20047715,79883359,50859889
,84185387,78031620,52000688
,78656813,54222000,47034272
,77264926,52474616,59588068
,82234139,55942830,44175394
,51676606,37901509,41797066
,47285499,48430355,37371385
,47124400,30157016,38176892
,39880476,33105600,35183792
,39399750,38509342,38543473
,39008741,18821279,42575718
,36447959,118471320,42615685
,35990505,300523113,30981850
,31655091,29655590,30199105
,16647384,27550735,29374178
,15331289,72980108,25117498
,10769960,87704396,32645
,12495865,83892374,22433915
,109713132,43568507,20300000
,70269171,182805123,14942422
,80000000,182204440,14967182
,32662299,148775460,12081447
,4308981,93771072,10431220
,290158751,115603980,6114237
,11508423,90454043,10640645
,38119483,70236496,876671
,144833357,63695760,463730
,90636983,54758461,50693162
,54235441,213079163,88915214
,49002815,356784000,50668906
,9694105,25052000,24044532
,46700000,122012710,17305211
,42660000,58255287,16991902
,242374454,65000000,47536959
,173585516,32178777,13782838
,128300000,118153533,41997790
,102922376,279167575,6482195
,94497271,168213584,16377274
,82301521,121468960,92173235
,67325559,106126012,60338891
,62933793,93307796,22450975
,42652003,109176215,44867349
,38037513,82670733,46813366
,35422828,81687587,150368971
,25677801,80574010,50129186
,25584685,75764085,50213619
,25077977,90356857,23360779
,20916309,75370763,26183197
,8500000,90341670,2954405
,18252684,74540762,277313371
,13801755,80033643,144731527
,13391174,75638743,117528646
,11784000,88200225,134455175
,6002756,59035104,79100000
,5205343,56702901,78651430
,2000000,53789313,64604977
,2246000,51045801,60054449
,375474,50189179,61280963
,51431160,50549107,55802754
,210609762,56443482,55291815
,12561,46611204,67523385
,5308553,48472213,45802315
,114968774,43060566,41954997
,76400000,43337279,39692139
,52691009,37479778,31598308
,43853424,36965395,33987757
,26400000,40559930,37304950
,22452209,36279230,30691439
,17071230,43119879,30307804
,16702864,35096190,30669413
,8000000,35754555,28687835
,8508843,30695227,25078937
,6000000,26082914,24276500
,5333658,29136626,19389454
,51053787,623279547,19692608
,7017178,30063805,17609982
,37566230,14218868,14998070
,172051787,22451,18317151
,44469602,31165421,11405825
,2694071,25472967,10268846
,2000000,22362500,10499968
,42700000,19781879,7659747
,95860116,48291624,7948159
,40363530,31199215,4496583
,33357476,29580087,630779
,14792779,44665963,10214013
,508867,49875589,11227940
,285761243,51317350,183125
,167780960,28328132,10654581
,177200000,51774002,141340178
,176781728,45860039,51758599
,111936400,329691196,28927720
,79900000,166225040,33682273
,64001297,128769345,17120019
,73326666,177575142,8406264
,50003300,107100855,34180954
,47811275,98711404,17225675
,42672630,93815117,169076745
,30857814,162586036,101470202
,30127963,89706988,50041732
,32645546,66365290,48814909
,20998709,58422650,21784432
,19158074,56932305,36733909
,10763469,25040293,35063732
,10411980,33828318,31493782
,8080116,20550712,16640210
,70906973,25857987,13763130
,68856263,12870569,2899970
,34793160,39440655,1304837
,47811275,69951824,78800000
,1752214,26838389,17797316
,61693523,75604320,93749203
,60008303,57386369,59073773
,27141959,45207112,58879132
,26539321,5755286,72077000
,38916903,164435221,145096820
,10996440,118683135,121248145
,260000000,143704210,100125340
,78900000,110476776,90135191
,79568000,80270227,106694016
,25240988,23020488,74787599
,18595716,296623634,66528842
,17292381,62453315,83813460
,21520719,165500000,65010106
,4922166,147637474,66468315
,860002,135014968,62877175
,177343675,2175312,74484168
,91443253,126203320,52937130
,148170000,126975169,45645204
,460935665,105807520,46875468
,41227069,97680195,52418902
,4884663,126088877,39568996
,76600000,91030827,42043633
,434949459,150315155,38413606
,50752337,81022333,38122105
,40485039,79948113,35266619
,29500000,88658172,32154410
,16247775,75888270,26525834
,28873374,84244877,23209440
,13684949,75605492,24048000
,8070311,60470220,30523568
,6491350,55092830,23070045
,4356743,48745150,28644770
,800000,44737059,19976073
,126247,47553512,18967571
,6126237,41482207,17100000
,3420871,37486138,32357532
,11860839,35168395,16930884
,883887,32741596,18324242
,80000000,26616999,15709385
,90800000,19118247,18298649
,69800000,18472363,11900000
,36500000,21283440,12026670
,18811135,10556196,19316646
,16699684,9528092,26830000
,10106233,19445217,10880926
,106593296,28837115,3752725
,3347439,6471394,3904982
,34099640,43905746,537580
,31501218,197171806,18593156
,25000000,50173190,63034755
,4720371,47095453,4554569
,2148212,37879996,6301131
,24103594,60154431,161029270
,24004159,29781453,74058698
,13235267,126805112,55845943
,399611,93607673,81350242
,531806,92001027,70235322
,159600000,10539414,7443007
,241437427,181395380,58885635
,12200000,110000082,52353636
,9628751,106807667,51475962
,124720,100768056,33000377
,10429707,92115211,27000000
,34964818,93452056,31600000
,39200000,67253092,28563179
,83400000,65557989,16779636
,24629916,60786269,8434601
,15369573,46280507,6998324
,7888703,38360195,28751715
,2848578,46815748,148734225
,252726,32003620,9664316
,334185206,27400000,60491560
,201148159,24343673,54200000
,86300000,20101861,31768374
,33349949,19377727,13248477
,25809813,15527125,8712564
,565592,7262288,41008532
,977600,183875760,4485485
,2507106,67061228,4476235
,119841,5773519,1089365
,609042,51768623,109243478
,2850263,37035515,100241322
,117235247,31136950,25977365
,20773070,87856565,87341380
,23808111,41543207,58328680
,4417124,41252428,61490000
,1677838,35228696,46455802
,80021740,37652565,40168080
,15278,26404753,49874933
,115000000,56083966,28501651
,33451479,293501675,16005978
,17000000,18600911,1075288
,8044906,163947053,499263
,3117666,96917897,172825435
,1250798,93952276,148085755
,1111615,90703745,121945720
,177343675,94125426,96067179
,234903076,95001343,3254172
,44540956,86208010,82163317
,425899,75274748,76270454
,617172,90835030,74273505
,10174663,75305995,70625986
,110536,72266306,56505065
,11529368,70836296,55973336
,321952,70163652,51533608
,85222,115603980,51097664
,,64149837,46836394
,,83906114,44700000
,,72306065,44455658
,,59068786,66489425
,,57887882,41067398
,,53955614,40218903
,,53082743,35143332
,,47781388,35000629
,,47806295,34604054
,,46012734,30538669
,,45856732,28341469
,,45500797,33631221
,,37752931,37738400
,,50562555,21554585
,,37101011,24042490
,,33508922,22466994
,,42071069,17791031
,,32853640,17718223
,,32055248,16118077
,,31836745,17427926
,,30993544,14637490
,,29077547,14589444
,,28535768,14095303
,,27663982,13038660
,,25178165,28831145
,,24332324,10911750
,,22326247,10324441
,,21176322,7156933
,,15962471,9286314
,,14375181,56692
,,14448589,5516708
,,14358033,4064333
,,13376506,1550000
,,13838130,1697956
,,5773519,134904
,,9652000,16969390
,,18438149,34700000
,,80050171,101334374
,,7564000,1512815
,,63411478,57262492
,,42640890,74608545
,,144512310,41895491
,,25335935,39989008
,,5881504,31452765
,,29802761,32416109
,,127214072,28871190
,,58700247,8427204
,,39177215,25003072
,,40334024,23225911
,,10300000,75590286
,,623374,65807024
,,34912982,53302314
,,109712885,40962534
,,41102171,39235088
,,191449475,25556065
,,71026631,21973182
,,68208190,7434726
,,20991497,6777589
,,13052741,176483808
,,14378353,36020063
,,33037754,33313582
,,12339633,22264487
,,37788228,19283782
,,205399422,30059386
,,251188924,19783777
,,255950375,12784713
,,171031347,13746550
,,124732962,1796024
,,81159365,11326836
,,67962333,49024969
,,63826569,24362501
,,56876365,16684352
,,83299761,52008288
,,48169908,8579684
,,43792641,132088910
,,57651794,37721949
,,43894863,17757087
,,37553932,9430988
,,37481242,69700000
,,39026186,153665036
,,33422806,130727000
,,26494611,117224271
,,25266129,137387272
,,25863915,84518155
,,20981633,82624961
,,28064226,56667870
,,25871834,55461307
,,19294901,41573740
,,20275446,37567440
,,34507079,44988180
,,14587732,37672350
,,13264986,35596227
,,13303319,34290142
,,7458269,32774834
,,4651977,34334256
,,102413606,32051917
,,10139254,31838002
,,37432299,30079316
,,6543194,35033759
,,13101142,29753944
,,117559438,31146570
,,21426805,53146000
,,35057332,34126138
,,4280577,26415649
,,60328558,31584722
,,57744720,21200000
,,37911876,20207003
,,54696902,20241395
,,22525921,32000000
,,24185781,19151864
,,53133888,18882880
,,44983704,19661987
,,118099659,18352454
,,170684505,25753840
,,163479795,16248701
,,125014030,14359793
,,116631310,13987482
,,114324072,13630226
,,113502246,13383737
,,108360000,12469811
,,100422786,12398628
,,64286,12626905
,,76806312,10569071
,,66359959,13650738
,,64172251,9714482
,,63536011,8579684
,,60269340,9525276
,,60033780,8093318
,,58156435,6563357
,,56044241,5480996
,,52799004,5005883
,,51109400,5749134
,,53680848,4001121
,,42057340,3081925
,,42478175,1646664
,,42385520,1190018
,,40118420,882710
,,40137776,531009
,,38232624,578382
,,38747385,305070
,,40247512,121972
,,35927406,100292856
,,35565975,58571513
,,34703228,103001286
,,38432823,41867960
,,32095318,40846082
,,31743332,39103378
,,26096584,8396942
,,30513940,6923891
,,22526144,560512
,,20422207,64255243
,,21800302,22245861
,,21129348,10562387
,,18500966,150056505
,,17266505,128505958
,,16323969,65535067
,,14888028,60057639
,,14208384,59735548
,,12831121,51600000
,,12712093,42335698
,,11576087,31471430
,,14334645,26830000
,,12189514,21378000
,,8535575,23993605
,,10965209,45250
,,3101301,18329466
,,480314,15561627
,,183436380,15281286
,,119518352,13491653
,,37036404,7837632
,,63910583,6734844
,,49968653,5887457
,,71346930,3203044
,,30688364,3500000
,,17324744,676698
,,10907291,3419967
,,5532301,121463226
,,49185998,325491
,,42168445,85200000
,,69586544,72219395
,,44087387,82389560
,,30920167,71502303
,,10297897,19179969
,,91457688,47000000
,,65703412,70492685
,,57859105,37939782
,,45489752,41777564
,,33200000,27154426
,,54540525,54239856
,,14469428,220914
,,7496522,43848100
,,12276810,13005485
,,219200000,92823600
,,25517500,54000000
,,26761283,68525609
,,169705587,52885587
,,80034302,39511038
,,134141530,28734552
,,89808372,30102717
,,60443237,55461307
,,52528330,16204793
,,84136909,4734235
,,38230435,4193025
,,48237389,2849142
,,36310118,1984743
,,41597830,13922211
,,33687630,2428883
,,31526393,1181197
,,25615792,234760500
,,24944213,130058047
,,21835784,69800000
,,22200000,47000000
,,80014842,61400000
,,23527955,101978840
,,15045676,43022524
,,14983572,40064955
,,13973532,39100956
,,13920741,44886089
,,18860403,37882551
,,11538204,40983001
,,11008432,33386128
,,11100000,37877959
,,13651662,32721635
,,10719367,30259652
,,10114315,35054909
,,49122319,29106737
,,10070000,28014536
,,5654777,26421314
,,4006906,24881000
,,777423,26384919
,,28772222,22189039
,,65182182,20801344
,,20218,21468807
,,16964743,20566327
,,12372410,21383298
,,9639242,24984868
,,6144806,15700000
,,161487252,15100000
,,86930411,14938570
,,27338033,14249005
,,18653615,12801190
,,12189514,12549485
,,13019253,11632420
,,20763013,12212417
,,12782508,15608545
,,16123851,17439163
,,71975611,9396487
,,217631306,9059588
,,70960517,9172810
,,55762229,8586376
,,50728000,7556708
,,40270895,4235837
,,59696176,4002955
,,30659817,3247816
,,5773519,1953732
,,19351569,1294640
,,35799026,529766
,,17951431,73548
,,10696210,28870
,,5974653,20380
,,20668843,66009973
,,22294341,101157447
,,40219708,156645693
,,24848292,178406268
,,16284360,70001698
,,6830957,51527787
,,15593,38048637
,,958319,34700000
,,20259297,27515786
,,132541238,25482931
,,121697350,19900000
,,80050171,15483540
,,81257845,15062898
,,70360285,15171475
,,12831121,12550242
,,69148997,12610731
,,56398162,11204499
,,60072596,5459824
,,56362352,5108820
,,65623128,4741987
,,48546578,183088
,,46363118,46495
,,47852604,83025853
,,39737645,12282677
,,39263506,687081
,,39143839,123922370
,,37442180,106952327
,,36658108,57300000
,,33422556,49369900
,,32014289,44726644
,,36874745,48637684
,,29062561,23947
,,23078294,27052167
,,23292105,28501605
,,28876924,25592632
,,23393765,22858926
,,17803796,22235901
,,17518220,13753931
,,15797907,8026971
,,15712072,7881335
,,191449475,5871603
,,15408822,16574731
,,15464026,25675765
,,14174654,3074838
,,15988876,2104000
,,12181484,28501651
,,13214030,1200000
,,12232937,1150403
,,10555348,301305
,,8855646,51872378
,,8104069,12281500
,,8054280,10725228
,,8888355,214966
,,7001720,11956207
,,4234040,1508689
,,3749061,1227324
,,3519627,4360548
,,1183354,26589953
,,263365,204565000
,,184208848,101736215
,,51697449,65500000
,,27758465,70011073
,,56127162,39647595
,,21483154,38087366
,,18439082,54724272
,,119938730,31597131
,,95001351,31691811
,,75072454,31155435
,,13998282,25776062
,,6061759,22905674
,,64955956,25277561
,,53868030,21133087
,,59573085,18761993
,,43818159,17613460
,,86049418,21088568
,,43601508,16300302
,,41382841,27829874
,,33404871,13960203
,,30222640,12902790
,,26906039,12796277
,,22927390,10198766
,,4250320,7918283
,,17174870,8134217
,,26284475,5032496
,,10494494,6754898
,,15155772,4903000
,,13362308,3148482
,,90485233,3950294
,,58006147,1779284
,,96471845,447750
,,30324946,333976
,,27854896,303439
,,22734486,175370
,,24708699,14616
,,21160089,57469179
,,64998368,35537564
,,19693891,93571803
,,12693621,72755517
,,15655665,52929168
,,8662318,49797148
,,7156725,46563158
,,39825798,38201895
,,4930798,21370057
,,59847242,13592872
,,39825798,13558739
,,11702090,13103828
,,127175354,10214647
,,42638165,11501093
,,45507053,2832826
,,6462576,13214255
,,37300107,16017403
,,27087695,540085
,,26896744,56729973
,,20627372,125169
,,16346122,1066555
,,15427192,138339411
,,13998282,80150343
,,19057024,85300000
,,14108518,47536959
,,13854000,63270259
,,77324422,52293982
,,11540112,32983713
,,4839383,30651422
,,1686429,30306281
,,2964,30050028
,,13571817,29392418
,,317040,27736779
,,94175854,20384136
,,55184721,18272447
,,47860214,17096053
,,42919096,16153600
,,42592530,15417771
,,20991497,15156200
,,35007180,20339754
,,34308901,15102127
,,33771174,12570442
,,31585300,12514138
,,163192114,43771291
,,30226144,10824921
,,27441122,9801782
,,33860010,8460995
,,18843314,8828771
,,13766014,6619173
,,13034417,6857503
,,11614236,6712241
,,13337299,6842058
,,10443316,6044618
,,10494147,7764027
,,8735529,5348317
,,9123834,4244155
,,6409206,3193102
,,6373693,3060858
,,5306447,2331318
,,5217498,2185266
,,3525161,7574066
,,1954202,1631839
,,46338728,1939441
,,49122319,1987762
,,61356221,1474508
,,35010192,900926
,,30628981,578527
,,15549702,3093491
,,20246959,228524
,,13640000,221210
,,10397365,131617
,,9402410,15447
,,3100650,100503
,,190871240,70527
,,56631572,16025394
,,15854988,2483955
,,58607007,57176582
,,91038276,30859000
,,46729374,3571735
,,44134898,36049108
,,38176108,34074895
,,28972187,33244684
,,27979400,71519230
,,54257433,18225165
,,49121934,17804273
,,52543632,16938179
,,16929123,90400000
,,5002310,16235293
,,3169424,6610326
,,18004225,6047856
,,17738570,4681503
,,1712111,1530535
,,21078145,4881867
,,14060950,14373825
,,5949693,32222567
,,79817937,39462438
,,91547205,29200000
,,75074950,14879556
,,72217000,1997807
,,65269010,140244
,,63071133,107930000
,,64572496,32279955
,,37188667,4992159
,,31397498,59889948
,,31179516,52287414
,,124868837,34746109
,,31990064,34963967
,,17321573,26049082
,,22406362,18090181
,,22331028,17278980
,,6982680,50815288
,,5542025,15047419
,,1506998,14015786
,,793352,10269307
,,111722000,8880705
,,50461335,5018450
,,37766350,3442820
,,23978402,2275557
,,13903262,16168741
,,9170214,568695
,,2807854,398420
,,352786,336456
,,22160085,108662
,,11043445,53481
,,68353550,43490057
,,63319509,24792061
,,63231524,17544812
,,110175871,10281585
,,38624000,10460089
,,35794166,10814185
,,33583175,134821952
,,33000000,94900000
,,31487293,113709992
,,28563926,25625110
,,28435406,20257000
,,25339117,15818967
,,25600000,14891000
,,24397469,16901126
,,25464480,17474107
,,20338609,14003141
,,17378977,12583510
,,21371425,9190525
,,16033556,9094451
,,16667084,9166863
,,21589307,8373585
,,11703287,7292175
,,11560259,2344847
,,14479776,7455447
,,67631157,2062066
,,7563670,1654367
,,21569041,1110286
,,5484375,1768416
,,3333823,1425993
,,26583369,382946
,,1754319,236266
,,82739,453079
,,19348,46451
,,92900,41400000
,,5561,7993039
,,14114488,49526
,,113155,10696
,,24530513,84263837
,,20035310,57504069
,,11827301,16842303
,,4350774,13367101
,,2955039,1029017
,,21564616,66637
,,13569248,2122561
,,34017854,119078393
,,4273372,54800000
,,6262942,39800000
,,40066497,27457409
,,27362712,25047631
,,25926543,23272306
,,17843379,26236603
,,17536788,14545844
,,58401464,12793213
,,4692814,11797927
,,6350058,8596914
,,532190,6851636
,,127144,5895238
,,4131640,4693919
,,533344,4859475
,,336530303,4542775
,,12610552,3588432
,,143492840,3029081
,,32391374,2025238
,,32131483,1028337
,,37295394,2077046
,,9176553,115862
,,14612840,117560
,,5694308,36497
,,306715,65804
,,532988,31874869
,,54215416,24475193
,,10149779,6200756
,,2024854,1056102
,,181360000,27545445
,,18621249,56007
,,17508936,27445
,,9203192,766487
,,11434867,87025093
,,6670712,64267897
,,3273588,104007828
,,2207975,43771291
,,869325,53884821
,,20200,34872293
,,15059,34468224
,,3064356,32453345
,,7009668,27296514
,,50382128,25530884
,,83574831,27689474
,,71897215,24138847
,,56536016,19281235
,,50820940,24809547
,,25799043,23031390
,,21501098,16017403
,,20733485,21197315
,,18656400,17382982
,,13350177,14821531
,,17683670,14343976
,,10572742,14123773
,,8786715,15126948
,,6157157,13269963
,,4328294,17768000
,,4040588,12947763
,,4700361,14100000
,,2221809,12055108
,,830210,27285953
,,65069140,11675178
,,131175,9658370
,,180011740,6755271
,,2601847,6088249
,,1429260,5480318
,,3293258,5308707
,,96793,2711210
,,8108247,1980338
,,2277396,1100000
,,7059537,2445646
,,5844929,296665
,,1007535,3219029
,,100675,1040879
,,2276368,326308
,,3325638,228830
,,114324072,99147
,,71904,65087
,,75727,37440
,,178739,24475416
,,27012,47277326
,,379643,1729969
,,12985267,1705139
,,34522221,81200000
,,4311834,13060843
,,2557668,3798532
,,1098224,3609278
,,371081,727883
,,124494,410241
,,137945,278821
,,13973532,108229
,,1420578,112000000
,,12784397,8691
,,3050934,101055
,,638476,44566004
,,1943649,31252964
,,19067631,31968347
,,53991137,35385560
,,92362,20803237
,,80033643,13008928
,,79363785,25359200
,,2859955,10097096
,,594904,9821335
,,10042266,8243880
,,5355376,7825820
,,5355847,7557877
,,143492840,14637490
,,4946250,17314483
,,798341,6525762
,,279282,4613815
,,43982842,4301331
,,112521,4046737
,,96734,3713002
,,42919096,3468572
,,1310270,2892582
,,42638165,2800000
,,7830611,2426851
,,3278611,1325073
,,10508,800000
,,171988,562059
,,23616,399793
,,3773863,371897
,,12055,354704
,,37188667,58214
,,2938208,75078
,,1293295,18469
,,80276912,12836
,,1281176,27900000
,,2360184,27900000
,,24343673,14000000
,,3388210,25138292
,,45661,10305534
,,2428241,9449219
,,215185,6390032
,,1111,220234
,,1316074,34350553
,,2882062,101228
,,2643689,5354039
,,424760,2926565
,,10443,13092000
,,,17311
,,,7680
,,,5776314
,,,141600000
,,,38168022
,,,84749884
,,,30000000
,,,64423650
,,,48056940
,,,19184015
,,,19472057
,,,15935068
,,,11694528
,,,10017041
,,,9016377
,,,8114507
,,,7282851
,,,6879730
,,,4142507
,,,4109095
,,,4033268
,,,3902679
,,,3559990
,,,3287435
,,,3071947
,,,2961991
,,,4063238
,,,2223990
,,,1821983
,,,418268
,,,200803
,,,33631221
,,,73678
,,,143000
,,,39852
,,,5005
,,,3123749
,,,22201636
,,,19170001
,,,952620
,,,9054736
,,,119500000
,,,32600000
,,,475000
,,,10654581
,,,40041683
,,,33386128
,,,14400000
,,,32230907
,,,6401336
,,,26781723
,,,5400000
,,,1282084
,,,1186323
,,,6851969
,,,12995673
,,,99851
,,,322157
,,,5731103
,,,438653
,,,36200000
,,,21300000
,,,510092
,,,3330
,,,792966
,,,14673301
,,,11533945
,,,6003587
,,,5792822
,,,4599680
,,,6531491
,,,3885134
,,,3335839
,,,2506446
,,,1477002
,,,110000
,,,535249
,,,347578
,,,100669
,,,186354
,,,198407
,,,2843
,,,4556
,,,4600000
,,,35266619
,,,444044
,,,841206
,,,145540
,,,35918429
,,,92401
,,,6026908
,,,2592808
,,,2580
,,,58885635
,,,11806119
,,,7362100
,,,7022940
,,,2365931
,,,712294
,,,3447339
,,,406035
,,,402820
,,,373967
,,,194568
,,,173066
,,,183490
,,,52166
,,,1163508
,,,695229
,,,638951
,,,32940507
,,,19539
,,,19100000
,,,2833383
,,,24741700
,,,55153403
,,,18488314
,,,9180275
,,,2199853
,,,2812029
,,,58936
,,,16101109
,,,1400000
,,,21378000
,,,31537320
,,,17986000
,,,18112929
,,,9701559
,,,9013113
,,,53245055
,,,7186670
,,,5997134
,,,3386698
,,,5283379
,,,2981638
,,,3122616
,,,2508841
,,,1950218
,,,1744858
,,,982214
,,,548712
,,,464655
,,,464126
,,,428535
,,,750100
,,,104077
,,,334658
,,,274661
,,,100659
,,,48430
,,,21210
,,,22434
,,,12996
,,,62480
,,,6387
,,,5494
,,,703
,,,20186
,,,1007962
,,,381186
,,,16097842
,,,6643
,,,442638
,,,819939
,,,1243961
,,,3094687
,,,4771000
,,,1001437
,,,58163
,,,5518918
,,,4007792
,,,7705974
,,,77501
,,,47329
,,,2694973
,,,2301777
,,,140530114
,,,13300000
,,,13493
,,,30500882
,,,5739376
,,,2047570
,,,1114943
,,,985341
,,,603943
,,,334041
,,,295468
,,,243347
,,,154077
,,,342936
,,,31937
,,,13134
,,,316842
,,,2712293
,,,258113
,,,107917283
,,,1689999
,,,25918
,,,1523883
,,,4000000
,,,47000000
,,,7707563
,,,16115878
,,,856942
,,,40542
,,,5199
,,,2468
,,,318622
,,,12006514
,,,4186931
,,,3799339
,,,1977544
,,,1050600
,,,203134
,,,191309
,,,49494
,,,1027119
,,,4505922
,,,78030
,,,32154410
,,,140016
,,,15542
,,,7137502
,,,15180000
,,,30859000
,,,6706368
,,,405614
,,,1573712
,,,22757819
,,,5228617
,,,32721635
,,,3216970
,,,33598
,,,536767
,,,40557
,,,30084
,,,10246600
,,,277233
,,,243768
,,,3151130
,,,10499968
,,,1227508
,,,192467
,,,2040920
